00:00:00,254,Type 3,00:00:00,"(16.331159741186045, 48.15037738126956)","(16.3519844, 48.21266885)",1
00:00:00,134,Type 3,00:00:00,"(16.413526360203182, 48.17914110644286)","(16.395245471227017, 48.20232956376256)",1
00:00:00,144,Type 2,00:00:01,"(16.339134716755876, 48.19325944851234)","(16.413144289068235, 48.18814761671652)",1
00:00:00,396,Type 1,00:00:01,"(16.393581795118127, 48.268006659645145)","(16.319315971192097, 48.21562975631086)",2
00:00:00,457,Type 2,00:00:01,"(16.34997162299478, 48.20801610132155)","(16.368799651840522, 48.23603995967726)",1
00:00:00,281,Type 2,00:00:02,"(16.33979576775175, 48.241170048341935)","(16.361102, 48.22234195)",1
00:00:00,269,Type 2,00:00:02,"(16.32192845, 48.1800799)","(16.356386567957642, 48.22023554218491)",2
00:00:00,411,Type 2,00:00:03,"(16.36459537702986, 48.21132767891216)","(16.28762300783087, 48.25071765463373)",2
00:00:00,248,Type 3,00:00:05,"(16.364844211152324, 48.18319919234158)","(16.34552252474433, 48.21365917423104)",1
00:00:00,480,Type 1,00:00:06,"(16.298392656870977, 48.200033811927874)","(16.435314127807036, 48.22558475492961)",2
00:00:00,74,Type 2,00:00:06,"(16.427807502497064, 48.23742284460008)","(16.386334166357944, 48.21639188823088)",1
00:00:00,487,Type 2,00:00:06,"(16.331159741186045, 48.15037738126956)","(16.313490272032265, 48.157276885822135)",1
00:00:00,340,Type 3,00:00:06,"(16.364844211152324, 48.18319919234158)","(16.32843093053497, 48.165276711316885)",1
00:00:00,448,Type 3,00:00:07,"(16.30885995564679, 48.25227837428879)","(16.358767175423772, 48.23886161253519)",1
00:00:00,87,Type 3,00:00:07,"(16.32809608747469, 48.23557574499396)","(16.414227194124155, 48.22297084288665)",2
00:00:00,192,Type 3,00:00:08,"(16.41203016786417, 48.26124929704659)","(16.3406284, 48.19052725)",1
00:00:00,80,Type 3,00:00:08,"(16.35800779095383, 48.23615309565032)","(16.39609747625529, 48.22369160274856)",1
00:00:00,13,Type 2,00:00:09,"(16.421623589215354, 48.25502190488737)","(16.3610012, 48.2116213)",2
00:00:00,479,Type 1,00:00:11,"(16.413526360203182, 48.17914110644286)","(16.43513733019849, 48.21926363255116)",1
00:00:00,6,Type 3,00:00:11,"(16.413526360203182, 48.17914110644286)","(16.359774577406323, 48.20387089231645)",1
00:00:00,408,Type 2,00:00:12,"(16.31415382900761, 48.16544605092897)","(16.287305151158485, 48.23805863066032)",2
00:00:00,431,Type 3,00:00:13,"(16.35844755539956, 48.20552179061737)","(16.293999860375227, 48.25165086320148)",2
00:00:00,422,Type 3,00:00:13,"(16.272532294980728, 48.19627260215861)","(16.291228148894664, 48.24296140488587)",1
00:00:00,304,Type 1,00:00:14,"(16.36586059332184, 48.18161858766823)","(16.41609664647057, 48.154724804088)",1
00:00:00,415,Type 2,00:00:14,"(16.308409955646788, 48.25227837428879)","(16.29662003558883, 48.23162260883915)",1
00:00:00,311,Type 3,00:00:14,"(16.35123869465479, 48.18141044437578)","(16.41394614121178, 48.182540249606575)",1
00:00:00,9,Type 2,00:00:14,"(16.330709741186045, 48.15037738126956)","(16.36200020863099, 48.2052303444797)",1
00:00:00,213,Type 2,00:00:16,"(16.34024576775175, 48.241170048341935)","(16.36410938111247, 48.19987729044401)",1
00:00:00,444,Type 1,00:00:19,"(16.35800779095383, 48.23615309565032)","(16.341778782395117, 48.263495892875554)",1
00:00:00,339,Type 1,00:00:20,"(16.33848860385958, 48.19352985186349)","(16.32843093053497, 48.165276711316885)",1
00:00:00,293,Type 3,00:00:20,"(16.38828735, 48.2055322)","(16.35332185, 48.1734944)",2
00:00:00,419,Type 2,00:00:20,"(16.42342842232911, 48.19759066846225)","(16.315567330362867, 48.23140727017172)",2
00:00:00,486,Type 1,00:00:20,"(16.427807502497064, 48.23742284460008)","(16.31316904879535, 48.14469439068878)",1
00:00:00,63,Type 3,00:00:22,"(16.39272614884457, 48.15305348714484)","(16.3790569, 48.20610535)",1
00:00:00,143,Type 3,00:00:24,"(16.413526360203182, 48.17914110644286)","(16.413144289068235, 48.18814761671652)",1
00:00:00,45,Type 1,00:00:25,"(16.27298229498073, 48.19627260215861)","(16.372873871971457, 48.201789607827415)",1
00:00:00,227,Type 3,00:00:27,"(16.398042400324165, 48.1557459901906)","(16.34408475, 48.20642235)",2
00:00:00,23,Type 1,00:00:27,"(16.36586059332184, 48.18161858766823)","(16.367221534152748, 48.20712148125352)",1
00:00:00,164,Type 2,00:00:27,"(16.379340749079812, 48.16265693000347)","(16.375581101006063, 48.1866611435732)",2
00:00:00,451,Type 2,00:00:28,"(16.262989162421327, 48.22213185187292)","(16.360281029277054, 48.25069771478295)",2
00:00:00,93,Type 1,00:00:30,"(16.260483554482473, 48.20045576639374)","(16.42297842232911, 48.19759066846225)",2
00:00:00,390,Type 3,00:00:33,"(16.27298229498073, 48.19627260215861)","(16.29990132822337, 48.22171529595054)",1
00:00:00,342,Type 1,00:00:33,"(16.34997162299478, 48.20801610132155)","(16.32826454742017, 48.175144833576205)",1
00:00:00,484,Type 1,00:00:33,"(16.35800779095383, 48.23615309565032)","(16.453696875148506, 48.20638365617695)",1
00:00:00,292,Type 3,00:00:33,"(16.34997162299478, 48.20801610132155)","(16.350622183267827, 48.169335906668)",1
00:00:00,199,Type 3,00:00:34,"(16.41248016786417, 48.26124929704659)","(16.345240158337493, 48.19489227531764)",1
00:00:00,211,Type 2,00:00:35,"(16.34024576775175, 48.241170048341935)","(16.3567985, 48.197809750000005)",4
00:00:00,91,Type 2,00:00:36,"(16.445224127639065, 48.225466210713805)","(16.422803462222152, 48.19127478278255)",2
00:00:00,267,Type 3,00:00:37,"(16.37507775, 48.22102195)","(16.35608723561059, 48.217725179529324)",1
00:00:00,335,Type 1,00:00:37,"(16.295570196952117, 48.17408725741823)","(16.32242130036725, 48.18047020458476)",2
00:00:00,232,Type 2,00:00:37,"(16.42647976125201, 48.23202366190273)","(16.349071013853877, 48.20137444482532)",2
00:00:00,356,Type 1,00:00:38,"(16.35123869465479, 48.18141044437578)","(16.276022932126235, 48.16796498732797)",1
00:00:00,221,Type 1,00:00:38,"(16.337099483938907, 48.184557637970165)","(16.341352896994362, 48.20679005177573)",2
00:00:00,203,Type 3,00:00:39,"(16.34154402469064, 48.13791055427668)","(16.348576528020004, 48.19528506890015)",2
00:00:00,8,Type 2,00:00:41,"(16.36586059332184, 48.18161858766823)","(16.36200020863099, 48.2052303444797)",1
00:00:00,118,Type 1,00:00:41,"(16.310273997176843, 48.21888118132159)","(16.387811900000003, 48.188988)",1
00:00:00,344,Type 2,00:00:41,"(16.34997162299478, 48.20801610132155)","(16.335922421753814, 48.170117391158605)",1
00:00:00,492,Type 1,00:00:43,"(16.413526360203182, 48.17914110644286)","(16.34109402469064, 48.13791055427668)",1
00:00:00,88,Type 1,00:00:43,"(16.427807502497064, 48.23742284460008)","(16.414227194124155, 48.22297084288665)",1
00:00:00,276,Type 1,00:00:44,"(16.339134716755876, 48.19325944851234)","(16.359605913486313, 48.21676198984844)",1
00:00:00,330,Type 3,00:00:45,"(16.310273997176843, 48.21888118132159)","(16.313829706179487, 48.17037215173539)",1
00:00:00,103,Type 2,00:00:47,"(16.30885995564679, 48.25227837428879)","(16.441872294384144, 48.197355133457705)",1
00:00:00,483,Type 2,00:00:50,"(16.331159741186045, 48.15037738126956)","(16.445308380533255, 48.24442945453824)",1
00:00:00,364,Type 3,00:00:50,"(16.413526360203182, 48.17914110644286)","(16.260344575829933, 48.213127434345566)",1
00:00:00,195,Type 2,00:00:53,"(16.331159741186045, 48.15037738126956)","(16.34470647147948, 48.1914840677422)",1
00:00:00,65,Type 3,00:00:56,"(16.364844211152324, 48.18319919234158)","(16.379508030036583, 48.208091253804575)",1
00:00:00,376,Type 2,00:00:57,"(16.375996361919714, 48.209565487691485)","(16.33722864068023, 48.188762079240966)",2
00:00:00,216,Type 2,00:00:58,"(16.349823975879037, 48.18057449564003)","(16.340666055824475, 48.19801845240922)",1
00:00:00,346,Type 3,00:00:58,"(16.30930995564679, 48.25227837428879)","(16.335922421753814, 48.170117391158605)",1
00:00:00,110,Type 2,00:00:59,"(16.39227614884457, 48.15305348714484)","(16.460406782489027, 48.18448492437013)",1
00:00:00,96,Type 2,00:00:59,"(16.427807502497064, 48.23742284460008)","(16.427609345490204, 48.20813980443828)",1
00:00:00,220,Type 2,00:01:00,"(16.364844211152324, 48.18319919234158)","(16.3409937000555, 48.20279681022122)",1
00:00:00,189,Type 3,00:01:00,"(16.37507775, 48.22102195)","(16.359722533517107, 48.18553739608871)",1
00:00:00,391,Type 1,00:01:00,"(16.407353751378203, 48.18720273921259)","(16.30886281145679, 48.20879554267123)",2
00:00:00,471,Type 1,00:01:02,"(16.272532294980728, 48.19627260215861)","(16.411711877309674, 48.255138513079736)",1
00:00:00,181,Type 1,00:01:03,"(16.309571768365693, 48.21861857620648)","(16.3550009, 48.1826717)",1
00:00:00,348,Type 1,00:01:04,"(16.427807502497064, 48.23742284460008)","(16.336219845581184, 48.18495597231909)",1
00:00:00,266,Type 1,00:01:04,"(16.379748021689327, 48.188864242917326)","(16.3501206316945, 48.22654194308261)",2
00:00:00,420,Type 3,00:01:04,"(16.413526360203182, 48.17914110644286)","(16.32477085, 48.2182451)",1
00:00:00,124,Type 2,00:01:05,"(16.413526360203182, 48.17914110644286)","(16.3882063, 48.2060851)",1
00:00:00,120,Type 3,00:01:05,"(16.308409955646788, 48.25227837428879)","(16.388035670678626, 48.19228859364959)",1
00:00:00,153,Type 1,00:01:06,"(16.315948, 48.22480345)","(16.36684234333776, 48.194777885991165)",2
00:00:00,99,Type 2,00:01:06,"(16.34997162299478, 48.20801610132155)","(16.43242538868859, 48.197473288992455)",1
00:00:00,315,Type 1,00:01:08,"(16.41248016786417, 48.26124929704659)","(16.42322894198445, 48.17609838149245)",1
00:00:00,237,Type 2,00:01:08,"(16.39272614884457, 48.15305348714484)","(16.352345310191645, 48.20423698642295)",1
00:00:00,496,Type 2,00:01:08,"(16.308409955646788, 48.25227837428879)","(16.35984063359618, 48.14377142186187)",1
00:00:00,176,Type 3,00:01:09,"(16.33848860385958, 48.19352985186349)","(16.349840999999998, 48.1825003)",1
00:00:00,387,Type 3,00:01:10,"(16.36586059332184, 48.18161858766823)","(16.290403917675683, 48.215578865913365)",1
00:00:00,489,Type 1,00:01:11,"(16.34024576775175, 48.241170048341935)","(16.33173081552812, 48.13801947961313)",1
00:00:00,380,Type 2,00:01:11,"(16.413526360203182, 48.17914110644286)","(16.262539162421326, 48.22213185187292)",1
00:00:00,130,Type 2,00:01:12,"(16.41248016786417, 48.26124929704659)","(16.393758050000002, 48.1924994)",1
00:00:00,210,Type 3,00:01:13,"(16.30930995564679, 48.25227837428879)","(16.352631686691314, 48.19284086051055)",4
00:00:00,20,Type 3,00:01:13,"(16.33848860385958, 48.19352985186349)","(16.36367715, 48.2118232)",1
00:00:00,278,Type 1,00:01:14,"(16.39227614884457, 48.15305348714484)","(16.359983, 48.2193999)",1
00:00:00,449,Type 2,00:01:14,"(16.451839742746586, 48.17534855962275)","(16.361021, 48.24420895)",2
00:00:00,81,Type 3,00:01:14,"(16.310273997176843, 48.21888118132159)","(16.39989459696985, 48.20712759778564)",1
00:00:00,377,Type 3,00:01:14,"(16.35800779095383, 48.23615309565032)","(16.33722864068023, 48.188762079240966)",1
00:00:00,338,Type 1,00:01:15,"(16.358817747355562, 48.23625273119687)","(16.328303677892254, 48.16035063511968)",1
00:00:00,280,Type 3,00:01:16,"(16.33848860385958, 48.19352985186349)","(16.361102, 48.22234195)",1
00:00:00,55,Type 2,00:01:16,"(16.345127050000002, 48.21036635)","(16.37553958990722, 48.20148484758574)",2
00:00:00,230,Type 1,00:01:16,"(16.352359833539467, 48.2088223449927)","(16.349071013853877, 48.20137444482532)",2
00:00:00,44,Type 3,00:01:17,"(16.352510199999998, 48.2134082)","(16.372873871971457, 48.201789607827415)",2
00:00:00,39,Type 3,00:01:18,"(16.331159741186045, 48.15037738126956)","(16.37101138219214, 48.21338529117057)",1
00:00:00,247,Type 2,00:01:18,"(16.413526360203182, 48.17914110644286)","(16.34552252474433, 48.21365917423104)",1
00:00:00,140,Type 1,00:01:19,"(16.27298229498073, 48.19627260215861)","(16.406380973650492, 48.19223688423301)",1
00:00:00,288,Type 1,00:01:19,"(16.35800779095383, 48.23615309565032)","(16.365019967155938, 48.22671260936366)",1
00:00:00,126,Type 2,00:01:19,"(16.35800779095383, 48.23615309565032)","(16.38857495, 48.2095239)",1
00:00:00,218,Type 1,00:01:20,"(16.331159741186045, 48.15037738126956)","(16.34002316065713, 48.20029508189471)",1
00:00:00,366,Type 2,00:01:21,"(16.337099483938907, 48.184557637970165)","(16.278830448855008, 48.19391055256697)",2
00:00:00,169,Type 1,00:01:22,"(16.316017330362868, 48.23140727017172)","(16.375595009427048, 48.192118184237245)",2
00:00:00,474,Type 3,00:01:22,"(16.39272614884457, 48.15305348714484)","(16.421348816164528, 48.26134046455058)",1
00:00:00,476,Type 3,00:01:23,"(16.36586059332184, 48.18161858766823)","(16.42585406700113, 48.22570252101671)",1
00:00:00,294,Type 1,00:01:24,"(16.26731619654857, 48.18073821291685)","(16.35332185, 48.1734944)",2
00:00:00,161,Type 3,00:01:25,"(16.35123869465479, 48.18141044437578)","(16.37092263234443, 48.19775047433158)",1
00:00:00,133,Type 3,00:01:27,"(16.37507775, 48.22102195)","(16.394956099651953, 48.19672984221688)",1
00:00:00,0,Type 1,00:01:27,"(16.37507775, 48.22102195)","(16.357869283897568, 48.20595352716448)",1
00:00:00,34,Type 1,00:01:27,"(16.348853281900926, 48.208798927222816)","(16.369876540956835, 48.20646615798351)",1
00:00:00,64,Type 3,00:01:27,"(16.34997162299478, 48.20801610132155)","(16.379508030036583, 48.208091253804575)",1
00:00:00,497,Type 2,00:01:28,"(16.35800779095383, 48.23615309565032)","(16.36896916233328, 48.13744087461695)",1
00:00:00,90,Type 3,00:01:28,"(16.331609741186046, 48.15037738126956)","(16.414227194124155, 48.22297084288665)",1
00:00:00,145,Type 2,00:01:29,"(16.339584352808064, 48.19404375250662)","(16.413144289068235, 48.18814761671652)",1
00:00:00,146,Type 1,00:01:29,"(16.310273997176843, 48.21888118132159)","(16.413144289068235, 48.18814761671652)",1
00:00:00,136,Type 2,00:01:30,"(16.309571768365693, 48.21861857620648)","(16.395268611971634, 48.20943921125203)",1
00:00:00,473,Type 1,00:01:30,"(16.35123869465479, 48.18141044437578)","(16.421173589215353, 48.25502190488737)",1
00:00:00,296,Type 3,00:01:31,"(16.358203381299024, 48.2137991224289)","(16.370730967243944, 48.16962486889083)",2
00:00:00,428,Type 1,00:01:31,"(16.34069576775175, 48.241170048341935)","(16.336906032519057, 48.22877446430179)",1
00:00:00,193,Type 2,00:01:32,"(16.336500447737144, 48.17504344368644)","(16.341613314193093, 48.19524950531152)",2
00:00:00,150,Type 2,00:01:34,"(16.41248016786417, 48.26124929704659)","(16.36667760191918, 48.18904263586676)",1
00:00:00,85,Type 3,00:01:35,"(16.348853281900926, 48.208798927222816)","(16.414970757874936, 48.215134418471)",1
00:00:00,329,Type 2,00:01:36,"(16.39227614884457, 48.15305348714484)","(16.313703829007608, 48.16544605092897)",1
00:00:00,43,Type 2,00:01:36,"(16.364844211152324, 48.18319919234158)","(16.370016944422726, 48.21740864178736)",1
00:00:00,383,Type 2,00:01:36,"(16.39272614884457, 48.15305348714484)","(16.28122035144057, 48.2219250912108)",1
00:00:00,343,Type 1,00:01:37,"(16.33979576775175, 48.241170048341935)","(16.32826454742017, 48.175144833576205)",1
00:00:00,111,Type 2,00:01:39,"(16.413526360203182, 48.17914110644286)","(16.378833222397706, 48.192418110126745)",1
00:00:00,482,Type 1,00:01:39,"(16.405995046134706, 48.20303335268365)","(16.444596166126814, 48.21914511448077)",1
00:00:00,336,Type 1,00:01:41,"(16.34024576775175, 48.241170048341935)","(16.32242130036725, 48.18047020458476)",1
00:00:00,372,Type 1,00:01:41,"(16.35123869465479, 48.18141044437578)","(16.31705075, 48.2017202)",1
00:00:00,109,Type 3,00:01:42,"(16.37507775, 48.22102195)","(16.460406782489027, 48.18448492437013)",1
00:00:00,410,Type 3,00:01:42,"(16.377604580800487, 48.24144863894612)","(16.287305151158485, 48.23805863066032)",2
00:00:00,441,Type 1,00:01:43,"(16.35800779095383, 48.23615309565032)","(16.34128503113254, 48.244630627001406)",1
00:00:00,42,Type 3,00:01:44,"(16.413526360203182, 48.17914110644286)","(16.370016944422726, 48.21740864178736)",1
00:00:00,469,Type 1,00:01:44,"(16.34024576775175, 48.241170048341935)","(16.4019044914997, 48.24261709876264)",1
00:00:00,378,Type 3,00:01:45,"(16.34997162299478, 48.20801610132155)","(16.3385824938693, 48.19299382398932)",1
00:00:00,259,Type 3,00:01:46,"(16.331159741186045, 48.15037738126956)","(16.345461889618274, 48.21677175360006)",1
00:00:00,485,Type 2,00:01:48,"(16.34024576775175, 48.241170048341935)","(16.45387587706698, 48.212704741064016)",1
00:00:00,321,Type 3,00:01:48,"(16.36586059332184, 48.18161858766823)","(16.44203220956468, 48.17546638656073)",1
00:00:00,279,Type 2,00:01:49,"(16.407532558926373, 48.161405298242805)","(16.361102, 48.22234195)",2
00:00:00,102,Type 3,00:01:51,"(16.30885995564679, 48.25227837428879)","(16.441695013894133, 48.191039299677264)",1
00:00:00,407,Type 2,00:01:52,"(16.308409955646788, 48.25227837428879)","(16.28714630513326, 48.23172910757867)",1
00:00:00,119,Type 3,00:01:54,"(16.427807502497064, 48.23742284460008)","(16.388035670678626, 48.19228859364959)",1
00:00:00,159,Type 3,00:01:54,"(16.331159741186045, 48.15037738126956)","(16.37102785, 48.19217495)",1
00:00:00,409,Type 1,00:01:54,"(16.370482827969614, 48.26316257814428)","(16.287305151158485, 48.23805863066032)",2
00:00:00,268,Type 2,00:01:56,"(16.41770104237684, 48.21296738897959)","(16.356386567957642, 48.22023554218491)",2
00:00:00,235,Type 1,00:01:56,"(16.349670511193892, 48.2095185412365)","(16.349071013853877, 48.20137444482532)",1
00:00:00,212,Type 1,00:01:56,"(16.355694657051007, 48.229955348790114)","(16.35936122114309, 48.198246877624776)",2
00:00:00,15,Type 3,00:01:58,"(16.427807502497064, 48.23742284460008)","(16.360899864820652, 48.2141204309398)",1
00:00:00,32,Type 1,00:01:59,"(16.348853281900926, 48.208798927222816)","(16.369349930906797, 48.20549745743026)",1
00:00:00,107,Type 1,00:01:59,"(16.364844211152324, 48.18319919234158)","(16.460227305365, 48.178169128217085)",1
00:00:00,466,Type 3,00:02:00,"(16.41293016786417, 48.26124929704659)","(16.392879421079545, 48.235543174536936)",1
00:00:00,285,Type 3,00:02:01,"(16.35800779095383, 48.23615309565032)","(16.364611540423528, 48.217225840336496)",1
00:00:00,306,Type 1,00:02:01,"(16.30885995564679, 48.25227837428879)","(16.404142469393943, 48.17000596594804)",1
00:00:00,141,Type 2,00:02:01,"(16.405995046134706, 48.20303335268365)","(16.4130253873129, 48.18382430624515)",1
00:00:00,426,Type 3,00:02:02,"(16.405995046134706, 48.20303335268365)","(16.336906032519057, 48.22877446430179)",1
00:00:00,51,Type 2,00:02:02,"(16.4025272686532, 48.24893572457765)","(16.373674100000002, 48.2131929)",2
00:00:00,286,Type 1,00:02:03,"(16.35800779095383, 48.23615309565032)","(16.364826549139533, 48.22081637236796)",1
00:00:00,435,Type 1,00:02:04,"(16.35800779095383, 48.23615309565032)","(16.322529011778737, 48.25132611297772)",1
00:00:00,369,Type 2,00:02:04,"(16.41422213010611, 48.17621513595687)","(16.31737070063174, 48.19705742104728)",2
00:00:00,355,Type 2,00:02:04,"(16.310273997176843, 48.21888118132159)","(16.266710072190357, 48.17440399121684)",1
00:00:00,241,Type 3,00:02:05,"(16.27298229498073, 48.19627260215861)","(16.355433672808445, 48.20255296757189)",1
00:00:00,142,Type 3,00:02:06,"(16.358817747355562, 48.23625273119687)","(16.4130253873129, 48.18382430624515)",1
00:00:00,71,Type 2,00:02:06,"(16.34997162299478, 48.20801610132155)","(16.382795361586528, 48.21106671269176)",1
00:00:00,413,Type 1,00:02:06,"(16.41248016786417, 48.26124929704659)","(16.296460076864967, 48.22529310188141)",1
00:00:00,224,Type 2,00:02:06,"(16.34980497527009, 48.18114628366276)","(16.34414997338435, 48.199149821456594)",1
00:00:00,11,Type 1,00:02:07,"(16.427807502497064, 48.23742284460008)","(16.360005546013475, 48.20674529420971)",1
00:00:00,393,Type 2,00:02:07,"(16.304282742500448, 48.264245574735874)","(16.31058625, 48.22336445)",2
00:00:00,351,Type 3,00:02:07,"(16.41248016786417, 48.26124929704659)","(16.3437312, 48.1803466)",1
00:00:00,38,Type 2,00:02:08,"(16.331159741186045, 48.15037738126956)","(16.37117678305701, 48.21167066263244)",1
00:00:00,18,Type 3,00:02:08,"(16.36586059332184, 48.18161858766823)","(16.363986392756942, 48.203109157765645)",1
00:00:00,460,Type 3,00:02:08,"(16.27298229498073, 48.19627260215861)","(16.38591308680887, 48.2311979809603)",1
00:00:00,60,Type 1,00:02:09,"(16.33848860385958, 48.19352985186349)","(16.37573845958847, 48.21086005166384)",1
00:00:00,475,Type 2,00:02:09,"(16.331159741186045, 48.15037738126956)","(16.43063524070717, 48.2549045183837)",1
00:00:00,154,Type 3,00:02:09,"(16.331159741186045, 48.15037738126956)","(16.36684234333776, 48.194777885991165)",1
00:00:00,400,Type 3,00:02:09,"(16.272532294980728, 48.19627260215861)","(16.3284076, 48.20810505)",1
00:00:00,196,Type 2,00:02:09,"(16.330709741186045, 48.15037738126956)","(16.34470647147948, 48.1914840677422)",1
00:00:00,116,Type 3,00:02:10,"(16.310273997176843, 48.21888118132159)","(16.386348722151943, 48.1841255068033)",1
00:00:00,417,Type 3,00:02:11,"(16.34997162299478, 48.20801610132155)","(16.306093710799676, 48.23151532969972)",1
00:00:00,33,Type 1,00:02:12,"(16.37507775, 48.22102195)","(16.369876540956835, 48.20646615798351)",1
00:00:00,12,Type 1,00:02:13,"(16.413526360203182, 48.17914110644286)","(16.36063574455692, 48.2103920432882)",1
00:00:00,495,Type 3,00:02:13,"(16.36586059332184, 48.18161858766823)","(16.35984063359618, 48.14377142186187)",1
00:00:00,323,Type 2,00:02:14,"(16.309232547737825, 48.21903908507992)","(16.44203220956468, 48.17546638656073)",1
00:00:00,112,Type 3,00:02:14,"(16.34980497527009, 48.18114628366276)","(16.378833222397706, 48.192418110126745)",1
00:00:00,149,Type 3,00:02:15,"(16.308409955646788, 48.25227837428879)","(16.419609676387115, 48.18806791791769)",1
00:01:15,204,Type 3,00:02:15,"(16.37507775, 48.22102195)","(16.348576528020004, 48.19528506890015)",4
00:00:00,172,Type 3,00:02:15,"(16.405995046134706, 48.20303335268365)","(16.378919099055665, 48.188301216603065)",1
00:00:00,228,Type 1,00:02:16,"(16.36586059332184, 48.18161858766823)","(16.347558477183743, 48.199187582257)",1
00:00:00,305,Type 1,00:02:16,"(16.309571768365693, 48.21861857620648)","(16.41609664647057, 48.154724804088)",1
00:00:00,46,Type 1,00:02:16,"(16.33848860385958, 48.19352985186349)","(16.373837403546762, 48.20728259364328)",1
00:00:00,290,Type 1,00:02:17,"(16.34024576775175, 48.241170048341935)","(16.340977128179887, 48.16310571061347)",1
00:00:00,178,Type 2,00:02:18,"(16.427807502497064, 48.23742284460008)","(16.350670156816108, 48.18567178347968)",1
00:00:00,115,Type 3,00:02:18,"(16.30885995564679, 48.25227837428879)","(16.381133801412542, 48.20141676297598)",1
00:00:00,155,Type 2,00:02:20,"(16.413526360203182, 48.17914110644286)","(16.367463587061835, 48.19667335912927)",1
00:00:00,295,Type 2,00:02:21,"(16.41248016786417, 48.26124929704659)","(16.359934054541437, 48.16288288305477)",1
00:00:00,158,Type 1,00:02:21,"(16.413526360203182, 48.17914110644286)","(16.3711911773609, 48.18985709109212)",1
00:00:00,320,Type 3,00:02:22,"(16.36586059332184, 48.18161858766823)","(16.441681141023935, 48.16294875648895)",1
00:00:00,272,Type 1,00:02:23,"(16.34069576775175, 48.241170048341935)","(16.356386567957642, 48.22023554218491)",1
00:00:00,402,Type 1,00:02:23,"(16.427807502497064, 48.23742284460008)","(16.277672519835896, 48.23183482590699)",1
00:00:00,129,Type 2,00:02:24,"(16.323139713919694, 48.15066208007585)","(16.39368177196697, 48.18741182959255)",2
00:00:00,186,Type 2,00:02:25,"(16.41203016786417, 48.26124929704659)","(16.354979003543566, 48.1910655539688)",1
00:00:00,427,Type 1,00:02:25,"(16.330709741186045, 48.15037738126956)","(16.336906032519057, 48.22877446430179)",1
00:00:00,287,Type 1,00:02:25,"(16.35123869465479, 48.18141044437578)","(16.364992770112178, 48.22355864168332)",1
00:00:00,398,Type 2,00:02:27,"(16.309571768365693, 48.21861857620648)","(16.319315971192097, 48.21562975631086)",1
00:00:00,223,Type 1,00:02:27,"(16.34024576775175, 48.241170048341935)","(16.34414997338435, 48.199149821456594)",1
00:00:00,22,Type 2,00:02:27,"(16.35123869465479, 48.18141044437578)","(16.367148450000002, 48.2040402)",1
00:00:00,31,Type 1,00:02:27,"(16.37507775, 48.22102195)","(16.369349930906797, 48.20549745743026)",1
00:00:00,177,Type 2,00:02:28,"(16.339134716755876, 48.19325944851234)","(16.349840999999998, 48.1825003)",1
00:00:00,58,Type 3,00:02:28,"(16.33979576775175, 48.241170048341935)","(16.375773569477616, 48.20536049750384)",1
00:00:00,67,Type 3,00:02:28,"(16.405995046134706, 48.20303335268365)","(16.379943247464897, 48.20920189922806)",1
00:00:00,456,Type 1,00:02:28,"(16.39272614884457, 48.15305348714484)","(16.368950599999998, 48.2299097)",1
00:00:00,72,Type 2,00:02:29,"(16.38181055, 48.19730835)","(16.377535082169175, 48.21749174480856)",2
00:00:00,365,Type 2,00:02:29,"(16.33848860385958, 48.19352985186349)","(16.26982426998761, 48.213023071238815)",1
00:00:00,459,Type 1,00:02:30,"(16.35123869465479, 48.18141044437578)","(16.378026205391585, 48.24739433748897)",1
00:00:00,202,Type 3,00:02:30,"(16.376577417959545, 48.2169099510797)","(16.348576528020004, 48.19528506890015)",2
00:00:00,333,Type 3,00:02:31,"(16.35800779095383, 48.23615309565032)","(16.322651414902904, 48.17591995852562)",1
00:00:00,56,Type 1,00:02:31,"(16.379340749079812, 48.16265693000347)","(16.37553958990722, 48.20148484758574)",2
00:00:00,403,Type 3,00:02:32,"(16.30885995564679, 48.25227837428879)","(16.27798793041414, 48.244493911387394)",1
00:00:00,21,Type 3,00:02:32,"(16.27298229498073, 48.19627260215861)","(16.367474461624163, 48.20166276955421)",1
00:00:00,282,Type 3,00:02:32,"(16.33848860385958, 48.19352985186349)","(16.360358549992142, 48.22606400299855)",1
00:00:00,324,Type 3,00:02:33,"(16.36586059332184, 48.18161858766823)","(16.298978963027782, 48.16570734367446)",1
00:00:00,113,Type 2,00:02:33,"(16.39317614884457, 48.15305348714484)","(16.378833222397706, 48.192418110126745)",1
00:00:00,14,Type 1,00:02:33,"(16.3097329, 48.21551175)","(16.360899864820652, 48.2141204309398)",2
00:00:00,62,Type 1,00:02:34,"(16.37945726914412, 48.181576494571374)","(16.377867320224958, 48.20274116363519)",2
00:00:00,53,Type 1,00:02:35,"(16.294610209609395, 48.25800197841703)","(16.372920429571877, 48.21493427741712)",2
00:00:00,79,Type 1,00:02:36,"(16.272532294980728, 48.19627260215861)","(16.39514187715242, 48.21456030280752)",1
00:00:00,392,Type 3,00:02:36,"(16.364498773926254, 48.20836925225168)","(16.30983955, 48.21483585)",2
00:00:00,389,Type 1,00:02:36,"(16.34024576775175, 48.241170048341935)","(16.299743244596563, 48.21547361189106)",1
00:00:00,205,Type 3,00:02:36,"(16.398381854964235, 48.16823455388151)","(16.35115028101289, 48.19073358216025)",4
00:00:00,326,Type 1,00:02:37,"(16.41248016786417, 48.26124929704659)","(16.306340227463437, 48.16553001334511)",1
00:00:00,214,Type 3,00:02:38,"(16.34997162299478, 48.20801610132155)","(16.340666055824475, 48.19801845240922)",1
00:00:00,78,Type 3,00:02:38,"(16.35123869465479, 48.18141044437578)","(16.39514187715242, 48.21456030280752)",1
00:00:00,86,Type 3,00:02:39,"(16.348002968769293, 48.20178679796223)","(16.41466182593075, 48.217341736061286)",2
00:00:00,477,Type 2,00:02:39,"(16.427807502497064, 48.23742284460008)","(16.42602976125201, 48.23202366190273)",1
00:00:00,54,Type 1,00:02:39,"(16.30885995564679, 48.25227837428879)","(16.372920429571877, 48.21493427741712)",1
00:00:00,61,Type 1,00:02:40,"(16.3675393421998, 48.19974566377702)","(16.377867320224958, 48.20274116363519)",2
00:00:00,231,Type 3,00:02:40,"(16.352510199999998, 48.2134082)","(16.349071013853877, 48.20137444482532)",2
00:00:00,28,Type 1,00:02:41,"(16.41203016786417, 48.26124929704659)","(16.369278064410242, 48.201700402866905)",1
00:00:00,250,Type 2,00:02:41,"(16.427807502497064, 48.23742284460008)","(16.34870174955204, 48.21136956869426)",1
00:00:00,240,Type 1,00:02:44,"(16.27298229498073, 48.19627260215861)","(16.35640815, 48.20044265)",1
00:01:45,184,Type 1,00:02:45,"(16.34173503113254, 48.244630627001406)","(16.354979003543566, 48.1910655539688)",4
00:00:00,350,Type 2,00:02:46,"(16.376844253577985, 48.23568670287471)","(16.3437312, 48.1803466)",2
00:00:00,191,Type 3,00:02:46,"(16.36586059332184, 48.18161858766823)","(16.3406284, 48.19052725)",1
00:00:00,357,Type 1,00:02:47,"(16.34997162299478, 48.20801610132155)","(16.27618016820937, 48.174299193267096)",1
00:00:00,406,Type 3,00:02:47,"(16.33848860385958, 48.19352985186349)","(16.28714630513326, 48.23172910757867)",1
00:00:00,95,Type 1,00:02:49,"(16.309571768365693, 48.21861857620648)","(16.42297842232911, 48.19759066846225)",1
00:00:00,325,Type 1,00:02:50,"(16.35577692612876, 48.193961537024926)","(16.306340227463437, 48.16553001334511)",2
00:00:00,404,Type 1,00:02:50,"(16.405995046134706, 48.20303335268365)","(16.28698751394982, 48.22539957710038)",1
00:00:00,379,Type 3,00:02:50,"(16.39227614884457, 48.15305348714484)","(16.3385824938693, 48.19299382398932)",1
00:00:00,318,Type 3,00:02:51,"(16.310273997176843, 48.21888118132159)","(16.4326801549468, 48.17578215063329)",1
00:00:00,453,Type 2,00:02:51,"(16.308409955646788, 48.25227837428879)","(16.360614869957722, 48.2632744541891)",1
00:00:00,2,Type 2,00:02:52,"(16.35123869465479, 48.18141044437578)","(16.3574133, 48.2078626)",1
00:00:00,434,Type 2,00:02:52,"(16.35800779095383, 48.23615309565032)","(16.313019350889984, 48.25143514932815)",1
00:00:00,297,Type 3,00:02:54,"(16.33848860385958, 48.19352985186349)","(16.3707651, 48.181411100000005)",1
00:00:00,148,Type 3,00:02:54,"(16.405995046134706, 48.20303335268365)","(16.419609676387115, 48.18806791791769)",1
00:00:00,493,Type 3,00:02:57,"(16.39227614884457, 48.15305348714484)","(16.34109402469064, 48.13791055427668)",1
00:00:00,76,Type 2,00:02:59,"(16.35800779095383, 48.23615309565032)","(16.3858847, 48.2236843)",1
00:00:00,401,Type 1,00:02:59,"(16.41248016786417, 48.26124929704659)","(16.2681986800997, 48.2319397638129)",1
00:00:00,316,Type 3,00:03:00,"(16.35800779095383, 48.23615309565032)","(16.423404115736076, 48.18242346937394)",1
00:00:00,332,Type 2,00:03:02,"(16.35123869465479, 48.18141044437578)","(16.320940848743355, 48.16043552613012)",1
00:00:00,442,Type 2,00:03:03,"(16.39227614884457, 48.15305348714484)","(16.34128503113254, 48.244630627001406)",1
00:00:00,137,Type 2,00:03:03,"(16.37507775, 48.22102195)","(16.402047797752083, 48.19706770699404)",1
00:00:00,312,Type 3,00:03:05,"(16.304342780280816, 48.15111715432573)","(16.42270378293852, 48.15712307300192)",2
00:00:00,395,Type 2,00:03:05,"(16.310273997176843, 48.21888118132159)","(16.318275231077042, 48.20966253845944)",1
00:00:00,319,Type 2,00:03:05,"(16.36586059332184, 48.18161858766823)","(16.43285464260785, 48.182040980006086)",1
00:00:00,94,Type 1,00:03:06,"(16.413526360203182, 48.17914110644286)","(16.42297842232911, 48.19759066846225)",1
00:00:00,375,Type 2,00:03:07,"(16.41248016786417, 48.26124929704659)","(16.33079195, 48.2016483)",1
00:00:00,163,Type 2,00:03:09,"(16.348853281900926, 48.208798927222816)","(16.37092494770811, 48.20044435734753)",1
00:00:00,167,Type 1,00:03:10,"(16.41293016786417, 48.26124929704659)","(16.375581101006063, 48.1866611435732)",1
00:00:00,147,Type 2,00:03:12,"(16.413526360203182, 48.17914110644286)","(16.414836947996214, 48.19202041213584)",1
00:00:00,98,Type 2,00:03:13,"(16.306543710799676, 48.23151532969972)","(16.432249268376808, 48.19115742917694)",2
00:00:00,289,Type 3,00:03:13,"(16.358817747355562, 48.23625273119687)","(16.365019967155938, 48.22671260936366)",1
00:00:00,405,Type 1,00:03:13,"(16.308409955646788, 48.25227837428879)","(16.28698751394982, 48.22539957710038)",1
00:00:00,173,Type 3,00:03:13,"(16.38181055, 48.19730835)","(16.34594733177895, 48.18564752912303)",2
00:00:00,300,Type 1,00:03:14,"(16.41248016786417, 48.26124929704659)","(16.37889074907981, 48.16265693000347)",1
00:00:00,412,Type 1,00:03:16,"(16.34997162299478, 48.20801610132155)","(16.28762300783087, 48.25071765463373)",1
00:00:00,36,Type 1,00:03:16,"(16.427807502497064, 48.23742284460008)","(16.370896003592147, 48.21006451245198)",1
00:00:00,328,Type 2,00:03:17,"(16.34024576775175, 48.241170048341935)","(16.313703829007608, 48.16544605092897)",1
00:00:00,73,Type 3,00:03:17,"(16.435410593537046, 48.21294250270007)","(16.377535082169175, 48.21749174480856)",2
00:00:00,361,Type 3,00:03:17,"(16.41248016786417, 48.26124929704659)","(16.304590128871425, 48.17398011954157)",1
00:00:00,19,Type 1,00:03:18,"(16.33848860385958, 48.19352985186349)","(16.36359995, 48.2098319)",1
00:00:00,166,Type 2,00:03:19,"(16.33979576775175, 48.241170048341935)","(16.375581101006063, 48.1866611435732)",1
00:00:00,138,Type 2,00:03:19,"(16.36586059332184, 48.18161858766823)","(16.400330688634146, 48.20027792789927)",1
00:00:00,105,Type 3,00:03:20,"(16.364844211152324, 48.18319919234158)","(16.45096231916905, 48.18460457925018)",1
00:00:00,162,Type 3,00:03:20,"(16.37507775, 48.22102195)","(16.37092494770811, 48.20044435734753)",1
00:00:00,187,Type 3,00:03:21,"(16.379340749079812, 48.16265693000347)","(16.354781268261537, 48.19475486522247)",2
00:00:00,198,Type 2,00:03:21,"(16.34997162299478, 48.20801610132155)","(16.345208166324902, 48.1926890289043)",1
00:00:00,106,Type 2,00:03:23,"(16.33848860385958, 48.19352985186349)","(16.460227305365, 48.178169128217085)",1
00:00:00,208,Type 2,00:03:23,"(16.33848860385958, 48.19352985186349)","(16.352631686691314, 48.19284086051055)",4
00:00:00,349,Type 3,00:03:25,"(16.348853281900926, 48.208798927222816)","(16.336219845581184, 48.18495597231909)",1
00:00:00,190,Type 2,00:03:26,"(16.34024576775175, 48.241170048341935)","(16.35963125, 48.1947473)",1
00:00:00,302,Type 3,00:03:26,"(16.35800779095383, 48.23615309565032)","(16.388054699999998, 48.1699115)",1
00:00:00,1,Type 1,00:03:27,"(16.39227614884457, 48.15305348714484)","(16.357869283897568, 48.20595352716448)",1
00:00:00,472,Type 3,00:03:33,"(16.27298229498073, 48.19627260215861)","(16.411885938972137, 48.2614570984604)",1
00:00:00,394,Type 1,00:03:33,"(16.427807502497064, 48.23742284460008)","(16.31058625, 48.22336445)",1
00:00:00,183,Type 2,00:03:34,"(16.342393479155678, 48.26978430016526)","(16.355840476469524, 48.18829985036078)",2
00:00:00,243,Type 3,00:03:36,"(16.331159741186045, 48.15037738126956)","(16.3555473, 48.2054642)",1
00:00:00,468,Type 1,00:03:37,"(16.41248016786417, 48.26124929704659)","(16.38367235352899, 48.26829797763091)",1
00:00:00,303,Type 2,00:03:38,"(16.310273997176843, 48.21888118132159)","(16.39776209876495, 48.16199027567013)",1
00:00:00,125,Type 2,00:03:39,"(16.40566045, 48.20255675)","(16.3882063, 48.2060851)",1
00:00:00,242,Type 2,00:03:39,"(16.41251006067344, 48.26777567639052)","(16.3555473, 48.2054642)",2
00:00:00,454,Type 2,00:03:40,"(16.427807502497064, 48.23742284460008)","(16.370032827969613, 48.26316257814428)",1
00:00:00,10,Type 2,00:03:41,"(16.349823975879037, 48.18057449564003)","(16.36200020863099, 48.2052303444797)",1
00:00:00,273,Type 1,00:03:43,"(16.35806226244813, 48.20988568331993)","(16.355607236024316, 48.22481789640912)",2
00:00:00,26,Type 1,00:03:44,"(16.33070527213087, 48.18828913887636)","(16.367233687449147, 48.21352263654073)",2
00:00:00,89,Type 2,00:03:44,"(16.427357502497063, 48.23742284460008)","(16.414227194124155, 48.22297084288665)",1
00:00:00,168,Type 2,00:03:45,"(16.33848860385958, 48.19352985186349)","(16.37454208631934, 48.18874249285169)",1
00:00:00,437,Type 2,00:03:45,"(16.413526360203182, 48.17914110644286)","(16.323020824588195, 48.27037922024834)",1
00:00:00,24,Type 3,00:03:46,"(16.272532294980728, 48.19627260215861)","(16.367221534152748, 48.20712148125352)",1
00:00:00,156,Type 3,00:03:46,"(16.330709741186045, 48.15037738126956)","(16.367463587061835, 48.19667335912927)",1
00:00:00,414,Type 3,00:03:46,"(16.331159741186045, 48.15037738126956)","(16.29662003558883, 48.23162260883915)",1
00:00:00,370,Type 2,00:03:46,"(16.413526360203182, 48.17914110644286)","(16.31737070063174, 48.19705742104728)",1
00:00:00,260,Type 3,00:03:47,"(16.308409955646788, 48.25227837428879)","(16.345461889618274, 48.21677175360006)",1
00:00:00,488,Type 2,00:03:47,"(16.308409955646788, 48.25227837428879)","(16.313490272032265, 48.157276885822135)",1
00:00:00,171,Type 1,00:03:47,"(16.309571768365693, 48.21861857620648)","(16.374589226274946, 48.19392514704152)",1
00:00:00,345,Type 2,00:03:48,"(16.348853281900926, 48.208798927222816)","(16.335922421753814, 48.170117391158605)",1
00:00:00,50,Type 1,00:03:49,"(16.330709741186045, 48.15037738126956)","(16.37300023959028, 48.20924581124105)",1
00:00:00,114,Type 3,00:03:49,"(16.41333207237326, 48.19162345149469)","(16.381172976673213, 48.197016777962574)",2
00:00:00,432,Type 1,00:03:50,"(16.35800779095383, 48.23615309565032)","(16.303832742500447, 48.264245574735874)",1
00:00:00,200,Type 2,00:03:50,"(16.37507775, 48.22102195)","(16.347834413617704, 48.189785045090105)",1
00:00:00,206,Type 2,00:03:51,"(16.3602019, 48.2446381)","(16.35115028101289, 48.19073358216025)",4
00:00:00,69,Type 1,00:03:52,"(16.309571768365693, 48.21861857620648)","(16.38166347818356, 48.20799869040526)",1
00:00:00,226,Type 1,00:03:53,"(16.37937421206571, 48.19156220979596)","(16.345015218561127, 48.2010987709126)",2
00:00:00,197,Type 3,00:03:53,"(16.309232547737825, 48.21903908507992)","(16.34470647147948, 48.1914840677422)",1
00:00:00,139,Type 1,00:03:53,"(16.35123869465479, 48.18141044437578)","(16.406042298690398, 48.187864898667726)",1
00:00:00,249,Type 2,00:03:54,"(16.34997162299478, 48.20801610132155)","(16.347368896583973, 48.20834776154028)",1
00:00:00,5,Type 2,00:03:55,"(16.37460325, 48.2203937)","(16.3587609693725, 48.21433493632112)",1
00:00:00,388,Type 1,00:03:55,"(16.35889629311357, 48.23881670054134)","(16.299585214777796, 48.20923192063108)",2
00:00:00,245,Type 3,00:03:58,"(16.41248016786417, 48.26124929704659)","(16.342888252936863, 48.2091265210039)",1
00:00:00,256,Type 1,00:03:58,"(16.34997162299478, 48.20801610132155)","(16.35593060672859, 48.21233619845629)",1
00:00:00,416,Type 3,00:04:00,"(16.427807502497064, 48.23742284460008)","(16.30593258455968, 48.225185846434776)",1
00:00:00,429,Type 2,00:04:00,"(16.427807502497064, 48.23742284460008)","(16.345084149999998, 48.2233044)",1
00:00:00,121,Type 2,00:04:01,"(16.413526360203182, 48.17914110644286)","(16.38831825007502, 48.19663816349623)",1
00:00:00,68,Type 1,00:04:01,"(16.33848860385958, 48.19352985186349)","(16.38166347818356, 48.20799869040526)",1
00:00:00,35,Type 3,00:04:01,"(16.36135505, 48.2118881)","(16.370896003592147, 48.21006451245198)",2
00:00:00,48,Type 3,00:04:02,"(16.42647976125201, 48.23202366190273)","(16.37300023959028, 48.20924581124105)",2
00:00:00,123,Type 3,00:04:02,"(16.27343229498073, 48.19627260215861)","(16.38831825007502, 48.19663816349623)",1
00:00:00,253,Type 3,00:04:02,"(16.331159741186045, 48.15037738126956)","(16.35162045726933, 48.21122520214883)",1
00:00:00,433,Type 1,00:04:02,"(16.37507775, 48.22102195)","(16.3128567036484, 48.24508407446865)",1
00:00:00,458,Type 1,00:04:03,"(16.27298229498073, 48.19627260215861)","(16.3697058728832, 48.239803052834525)",1
00:00:00,358,Type 1,00:04:04,"(16.35123869465479, 48.18141044437578)","(16.285333461247273, 48.1615252427031)",1
00:00:00,277,Type 2,00:04:04,"(16.413526360203182, 48.17914110644286)","(16.359983, 48.2193999)",1
00:00:00,244,Type 3,00:04:05,"(16.35123869465479, 48.18141044437578)","(16.360387202503414, 48.20166069852685)",1
00:00:00,255,Type 1,00:04:05,"(16.37507775, 48.22102195)","(16.355356178227552, 48.21035536430987)",1
00:00:00,423,Type 1,00:04:05,"(16.310273997176843, 48.21888118132159)","(16.317434928142458, 48.23563218046296)",1
00:00:00,82,Type 1,00:04:05,"(16.427807502497064, 48.23742284460008)","(16.41394292820359, 48.19499546715791)",1
00:00:00,52,Type 2,00:04:06,"(16.34997162299478, 48.20801610132155)","(16.373674100000002, 48.2131929)",1
00:00:00,97,Type 1,00:04:07,"(16.39272614884457, 48.15305348714484)","(16.423503664343677, 48.21653828078775)",1
00:00:00,222,Type 2,00:04:07,"(16.34997162299478, 48.20801610132155)","(16.341352896994362, 48.20679005177573)",1
00:00:00,261,Type 3,00:04:10,"(16.37355976850596, 48.21366688926746)","(16.34556355, 48.22250615)",2
00:00:00,25,Type 2,00:04:10,"(16.331159741186045, 48.15037738126956)","(16.367592677849885, 48.21129460841194)",1
00:00:00,263,Type 2,00:04:11,"(16.35800779095383, 48.23615309565032)","(16.34556355, 48.22250615)",1
00:00:00,27,Type 2,00:04:11,"(16.35123869465479, 48.18141044437578)","(16.369278064410242, 48.201700402866905)",1
00:00:00,215,Type 3,00:04:13,"(16.309571768365693, 48.21861857620648)","(16.340666055824475, 48.19801845240922)",1
00:00:00,421,Type 2,00:04:14,"(16.405995046134706, 48.20303335268365)","(16.291228148894664, 48.24296140488587)",1
00:00:00,337,Type 3,00:04:16,"(16.413526360203182, 48.17914110644286)","(16.328303677892254, 48.16035063511968)",1
00:00:00,334,Type 2,00:04:16,"(16.348853281900926, 48.208798927222816)","(16.322651414902904, 48.17591995852562)",1
00:00:00,101,Type 1,00:04:17,"(16.272532294980728, 48.19627260215861)","(16.44151779444053, 48.184723458431954)",1
00:00:00,207,Type 3,00:04:20,"(16.421448422680054, 48.2487033377674)","(16.352631686691314, 48.19284086051055)",4
00:00:00,182,Type 2,00:04:21,"(16.38156195, 48.20122855)","(16.355054712820028, 48.18464029210933)",2
00:00:00,104,Type 2,00:04:22,"(16.427807502497064, 48.23742284460008)","(16.45096231916905, 48.18460457925018)",1
00:00:00,436,Type 2,00:04:22,"(16.34024576775175, 48.241170048341935)","(16.322692892559193, 48.25767715620347)",1
00:00:00,262,Type 3,00:04:23,"(16.296910076864968, 48.22529310188141)","(16.34556355, 48.22250615)",2
00:00:00,151,Type 3,00:04:23,"(16.42179881616453, 48.26134046455058)","(16.36680382028939, 48.19162428431371)",2
00:00:00,331,Type 3,00:04:23,"(16.30035132822337, 48.22171529595054)","(16.320940848743355, 48.16043552613012)",2
00:00:00,371,Type 2,00:04:26,"(16.31012516038842, 48.241838197470784)","(16.31705075, 48.2017202)",2
00:00:00,368,Type 3,00:04:28,"(16.27298229498073, 48.19627260215861)","(16.288465463248986, 48.200140472177445)",1
00:00:00,446,Type 1,00:04:28,"(16.308409955646788, 48.25227837428879)","(16.35103106000954, 48.25709716869186)",1
00:00:00,16,Type 2,00:04:29,"(16.364844211152324, 48.18319919234158)","(16.360899864820652, 48.2141204309398)",1
00:00:00,490,Type 1,00:04:32,"(16.35123869465479, 48.18141044437578)","(16.332055257168534, 48.15055387001685)",1
00:03:34,463,Type 2,00:04:34,"(16.36952480866854, 48.15008793579136)","(16.392879421079545, 48.235543174536936)",4
00:00:00,100,Type 3,00:04:34,"(16.405995046134706, 48.20303335268365)","(16.44151779444053, 48.184723458431954)",1
00:00:00,367,Type 3,00:04:34,"(16.39272614884457, 48.15305348714484)","(16.279303909985224, 48.212917926683176)",1
00:00:00,291,Type 2,00:04:35,"(16.310273997176843, 48.21888118132159)","(16.3411425234949, 48.16944695431934)",1
00:00:00,430,Type 1,00:04:36,"(16.37460325, 48.2203937)","(16.345084149999998, 48.2233044)",1
00:00:00,494,Type 1,00:04:36,"(16.405995046134706, 48.20303335268365)","(16.341257356955772, 48.14417772930196)",1
00:00:00,352,Type 3,00:04:38,"(16.32427182033264, 48.18802921686117)","(16.343514868101483, 48.18528623061244)",2
00:00:00,233,Type 1,00:04:38,"(16.427807502497064, 48.23742284460008)","(16.349071013853877, 48.20137444482532)",1
00:00:00,264,Type 2,00:04:39,"(16.309571768365693, 48.21861857620648)","(16.34556355, 48.22250615)",1
00:00:00,447,Type 2,00:04:40,"(16.33848860385958, 48.19352985186349)","(16.351196854634235, 48.263385559103405)",1
00:00:00,381,Type 2,00:04:40,"(16.331159741186045, 48.15037738126956)","(16.271879783267426, 48.22202885087198)",1
00:00:00,170,Type 1,00:04:40,"(16.413526360203182, 48.17914110644286)","(16.374589226274946, 48.19392514704152)",1
00:00:00,298,Type 1,00:04:42,"(16.397701877335212, 48.14320954765716)","(16.37838090227196, 48.14363345187243)",2
00:00:00,251,Type 3,00:04:42,"(16.37460325, 48.2203937)","(16.34870174955204, 48.21136956869426)",1
00:00:00,418,Type 2,00:04:43,"(16.413526360203182, 48.17914110644286)","(16.315740606362606, 48.22569177234233)",1
00:00:00,84,Type 2,00:04:43,"(16.37507775, 48.22102195)","(16.414970757874936, 48.215134418471)",1
00:00:00,47,Type 3,00:04:43,"(16.400605673512956, 48.19230965086787)","(16.37300023959028, 48.20924581124105)",2
00:00:00,481,Type 1,00:04:44,"(16.405995046134706, 48.20303335268365)","(16.436021928248042, 48.25086916971607)",1
00:00:00,117,Type 2,00:04:44,"(16.39227614884457, 48.15305348714484)","(16.386348722151943, 48.1841255068033)",1
00:00:00,57,Type 2,00:04:45,"(16.36586059332184, 48.18161858766823)","(16.375773569477616, 48.20536049750384)",1
00:00:00,4,Type 3,00:04:46,"(16.427807502497064, 48.23742284460008)","(16.3587609693725, 48.21433493632112)",1
00:00:00,440,Type 2,00:04:47,"(16.388817686346506, 48.162493814514974)","(16.34128503113254, 48.244630627001406)",2
00:00:00,238,Type 1,00:04:47,"(16.36586059332184, 48.18161858766823)","(16.351539944980406, 48.205818190698906)",1
00:00:00,66,Type 1,00:04:48,"(16.39317614884457, 48.15305348714484)","(16.379508030036583, 48.208091253804575)",1
00:00:00,59,Type 3,00:04:48,"(16.405995046134706, 48.20303335268365)","(16.377107400880135, 48.20907340201198)",1
00:00:00,443,Type 3,00:04:49,"(16.37507775, 48.22102195)","(16.341449558408257, 48.2509190562936)",1
00:00:00,239,Type 3,00:04:50,"(16.33979576775175, 48.241170048341935)","(16.351539944980406, 48.205818190698906)",1
00:00:00,258,Type 3,00:04:50,"(16.30930995564679, 48.25227837428879)","(16.35593060672859, 48.21233619845629)",1
00:00:00,399,Type 3,00:04:51,"(16.39272614884457, 48.15305348714484)","(16.3284076, 48.20810505)",1
00:00:00,175,Type 3,00:04:51,"(16.272532294980728, 48.19627260215861)","(16.345882724303138, 48.1886419980594)",1
00:00:00,341,Type 1,00:04:53,"(16.30930995564679, 48.25227837428879)","(16.32843093053497, 48.165276711316885)",1
00:00:00,307,Type 2,00:04:56,"(16.37507775, 48.22102195)","(16.413424287824597, 48.1635648862533)",1
00:00:00,478,Type 3,00:04:56,"(16.374605018193346, 48.26841215714696)","(16.426381331578735, 48.24466592127559)",2
00:00:00,132,Type 1,00:04:57,"(16.370522336083518, 48.21785486811585)","(16.394956099651953, 48.19672984221688)",2
00:00:00,7,Type 3,00:04:58,"(16.330709741186045, 48.15037738126956)","(16.359774577406323, 48.20387089231645)",1
00:00:00,77,Type 3,00:04:59,"(16.272532294980728, 48.19627260215861)","(16.3858847, 48.2236843)",1
00:00:00,455,Type 2,00:04:59,"(16.442322294384144, 48.197355133457705)","(16.368950599999998, 48.2299097)",2
00:00:00,362,Type 1,00:05:00,"(16.45141231916905, 48.18460457925018)","(16.26018903828982, 48.20679160406733)",2
00:00:00,284,Type 3,00:05:00,"(16.34024576775175, 48.241170048341935)","(16.360854450261343, 48.23566531594656)",1
00:00:00,188,Type 3,00:05:01,"(16.427807502497064, 48.23742284460008)","(16.359469472889156, 48.18172778863645)",1
00:00:00,3,Type 1,00:05:01,"(16.317637741299876, 48.20203119856377)","(16.35897279126015, 48.20882227248919)",2
00:00:00,359,Type 2,00:05:01,"(16.39272614884457, 48.15305348714484)","(16.28580866631025, 48.1805277905332)",1
00:00:00,465,Type 2,00:05:04,"(16.40566045, 48.20255675)","(16.392879421079545, 48.235543174536936)",1
00:00:00,313,Type 3,00:05:06,"(16.427807502497064, 48.23742284460008)","(16.42270378293852, 48.15712307300192)",1
00:00:00,374,Type 2,00:05:06,"(16.39272614884457, 48.15305348714484)","(16.32522898863352, 48.201433351486784)",1
00:00:00,461,Type 1,00:05:07,"(16.331159741186045, 48.15037738126956)","(16.385641915520615, 48.23595091946123)",1
00:00:00,424,Type 1,00:05:07,"(16.30885995564679, 48.25227837428879)","(16.32764608747469, 48.23557574499396)",1
00:00:00,30,Type 1,00:05:09,"(16.330709741186045, 48.15037738126956)","(16.369482607333477, 48.20382015270608)",1
00:00:00,160,Type 2,00:05:09,"(16.34024576775175, 48.241170048341935)","(16.370162339221874, 48.19435104562706)",1
00:00:00,314,Type 1,00:05:10,"(16.35800779095383, 48.23615309565032)","(16.422878775612162, 48.16344818330638)",1
00:00:00,354,Type 1,00:05:10,"(16.405995046134706, 48.20303335268365)","(16.25770495778531, 48.193510721068336)",1
00:00:00,174,Type 3,00:05:11,"(16.34024576775175, 48.241170048341935)","(16.345882724303138, 48.1886419980594)",1
00:00:00,353,Type 3,00:05:11,"(16.34997162299478, 48.20801610132155)","(16.343514868101483, 48.18528623061244)",1
00:00:00,108,Type 3,00:05:12,"(16.34069576775175, 48.241170048341935)","(16.460227305365, 48.178169128217085)",1
00:00:00,229,Type 2,00:05:13,"(16.41203016786417, 48.26124929704659)","(16.347558477183743, 48.199187582257)",1
00:00:00,283,Type 1,00:05:13,"(16.39272614884457, 48.15305348714484)","(16.359179431063442, 48.22903722281792)",1
00:00:00,382,Type 1,00:05:14,"(16.32354131786327, 48.22527055029144)","(16.28122035144057, 48.2219250912108)",2
00:00:00,225,Type 1,00:05:14,"(16.349823975879037, 48.18057449564003)","(16.34414997338435, 48.199149821456594)",1
00:00:00,179,Type 2,00:05:14,"(16.414396141211782, 48.182540249606575)","(16.35054195, 48.18763415)",2
00:00:00,40,Type 2,00:05:14,"(16.41248016786417, 48.26124929704659)","(16.369709275834644, 48.21599526498954)",1
00:00:00,491,Type 3,00:05:15,"(16.35123869465479, 48.18141044437578)","(16.332217561100567, 48.15682105429872)",1
00:00:00,165,Type 2,00:05:16,"(16.413526360203182, 48.17914110644286)","(16.375581101006063, 48.1866611435732)",1
00:00:00,246,Type 3,00:05:16,"(16.444690427119284, 48.206502899577565)","(16.34473053249768, 48.21145392849617)",2
00:00:00,234,Type 1,00:05:16,"(16.37460325, 48.2203937)","(16.349071013853877, 48.20137444482532)",1
00:00:00,83,Type 3,00:05:18,"(16.361782124894567, 48.20279096190522)","(16.414970757874936, 48.215134418471)",2
00:00:00,464,Type 2,00:05:18,"(16.413526360203182, 48.17914110644286)","(16.392879421079545, 48.235543174536936)",1
00:00:00,194,Type 3,00:05:19,"(16.30885995564679, 48.25227837428879)","(16.341613314193093, 48.19524950531152)",1
00:00:00,122,Type 1,00:05:20,"(16.37460325, 48.2203937)","(16.38831825007502, 48.19663816349623)",1
00:00:00,385,Type 1,00:05:22,"(16.427807502497064, 48.23742284460008)","(16.29024702221885, 48.20933715173168)",1
00:00:00,301,Type 1,00:05:23,"(16.34024576775175, 48.241170048341935)","(16.37934020752628, 48.18120439926854)",1
00:00:00,29,Type 2,00:05:23,"(16.34997162299478, 48.20801610132155)","(16.369482607333477, 48.20382015270608)",1
00:00:00,327,Type 1,00:05:23,"(16.427807502497064, 48.23742284460008)","(16.30646539979816, 48.17045612858273)",1
00:00:00,360,Type 1,00:05:23,"(16.27298229498073, 48.19627260215861)","(16.285967177413767, 48.18686195832856)",1
00:00:00,92,Type 3,00:05:23,"(16.27298229498073, 48.19627260215861)","(16.422803462222152, 48.19127478278255)",1
00:00:00,309,Type 3,00:05:24,"(16.35123869465479, 48.18141044437578)","(16.41377213010611, 48.17621513595687)",1
00:00:00,128,Type 1,00:05:24,"(16.41248016786417, 48.26124929704659)","(16.392802080232332, 48.186404406389045)",1
00:00:00,270,Type 2,00:05:24,"(16.413526360203182, 48.17914110644286)","(16.356386567957642, 48.22023554218491)",1
00:00:00,131,Type 3,00:05:24,"(16.308409955646788, 48.25227837428879)","(16.393758050000002, 48.1924994)",1
00:00:00,271,Type 1,00:05:25,"(16.37460325, 48.2203937)","(16.356386567957642, 48.22023554218491)",1
00:00:00,450,Type 3,00:05:26,"(16.39272614884457, 48.15305348714484)","(16.361021, 48.24420895)",1
00:00:00,317,Type 3,00:05:26,"(16.36428613278885, 48.219909640726186)","(16.432505726804795, 48.16952331393563)",2
00:00:00,152,Type 1,00:05:26,"(16.427807502497064, 48.23742284460008)","(16.36680382028939, 48.19162428431371)",1
00:00:00,299,Type 3,00:05:26,"(16.35123869465479, 48.18141044437578)","(16.378720741416192, 48.15631577810933)",1
00:00:00,209,Type 3,00:05:27,"(16.330709741186045, 48.15037738126956)","(16.352631686691314, 48.19284086051055)",4
00:00:00,41,Type 2,00:05:28,"(16.308409955646788, 48.25227837428879)","(16.369709275834644, 48.21599526498954)",1
00:00:00,135,Type 2,00:05:28,"(16.427807502497064, 48.23742284460008)","(16.395268611971634, 48.20943921125203)",1
00:00:00,438,Type 3,00:05:28,"(16.41307636020318, 48.17914110644286)","(16.323020824588195, 48.27037922024834)",1
00:00:00,397,Type 2,00:05:31,"(16.427807502497064, 48.23742284460008)","(16.319315971192097, 48.21562975631086)",1
00:00:00,127,Type 1,00:05:31,"(16.358817747355562, 48.23625273119687)","(16.38857495, 48.2095239)",1
00:00:00,70,Type 1,00:05:32,"(16.370579879164723, 48.20213238801929)","(16.38265045739651, 48.20941826678079)",2
00:00:00,445,Type 3,00:05:33,"(16.37507775, 48.22102195)","(16.35103106000954, 48.25709716869186)",1
00:00:00,75,Type 1,00:05:34,"(16.348919552622398, 48.19579049392912)","(16.3858847, 48.2236843)",2
00:00:00,467,Type 2,00:05:34,"(16.27298229498073, 48.19627260215861)","(16.374325480262222, 48.27476622773888)",1
00:00:00,185,Type 1,00:05:36,"(16.310273997176843, 48.21888118132159)","(16.354979003543566, 48.1910655539688)",4
00:00:00,386,Type 2,00:05:36,"(16.41203016786417, 48.26124929704659)","(16.29024702221885, 48.20933715173168)",1
00:00:00,384,Type 1,00:05:36,"(16.36752667689619, 48.20754141409101)","(16.29024702221885, 48.20933715173168)",2
00:00:00,37,Type 2,00:05:38,"(16.330709741186045, 48.15037738126956)","(16.370896003592147, 48.21006451245198)",1
00:00:00,363,Type 2,00:05:38,"(16.331159741186045, 48.15037738126956)","(16.26018903828982, 48.20679160406733)",1
00:00:00,252,Type 3,00:05:40,"(16.33848860385958, 48.19352985186349)","(16.34853499773646, 48.21290876016659)",1
00:00:00,274,Type 3,00:05:41,"(16.30885995564679, 48.25227837428879)","(16.355607236024316, 48.22481789640912)",1
00:00:00,265,Type 3,00:05:46,"(16.39317614884457, 48.15305348714484)","(16.34556355, 48.22250615)",1
00:00:00,217,Type 2,00:05:46,"(16.35123869465479, 48.18141044437578)","(16.340666055824475, 48.19801845240922)",1
00:00:00,425,Type 2,00:05:47,"(16.323139713919694, 48.15066208007585)","(16.33699108532312, 48.22377905102227)",2
00:00:00,310,Type 1,00:05:47,"(16.272532294980728, 48.19627260215861)","(16.41377213010611, 48.17621513595687)",1
00:00:00,347,Type 2,00:05:47,"(16.37507775, 48.22102195)","(16.33719915, 48.18031655)",1
00:00:00,373,Type 2,00:05:48,"(16.39272614884457, 48.15305348714484)","(16.325089485369123, 48.198077655128266)",1
00:00:00,201,Type 1,00:05:48,"(16.34997162299478, 48.20801610132155)","(16.349007897514852, 48.19287000177065)",1
00:00:00,462,Type 2,00:05:51,"(16.36586059332184, 48.18161858766823)","(16.385128745625092, 48.24638389013789)",1
00:00:00,219,Type 1,00:05:51,"(16.34997162299478, 48.20801610132155)","(16.3409937000555, 48.20279681022122)",1
00:00:00,322,Type 1,00:05:52,"(16.364844211152324, 48.18319919234158)","(16.44203220956468, 48.17546638656073)",1
00:00:00,180,Type 3,00:05:52,"(16.33848860385958, 48.19352985186349)","(16.3550009, 48.1826717)",1
00:00:00,308,Type 1,00:05:53,"(16.405995046134706, 48.20303335268365)","(16.413598178985822, 48.16989001483911)",1
00:00:00,17,Type 1,00:05:54,"(16.427807502497064, 48.23742284460008)","(16.36366263469762, 48.201323820897365)",1
00:00:00,275,Type 1,00:05:54,"(16.413526360203182, 48.17914110644286)","(16.359605913486313, 48.21676198984844)",1
00:00:00,452,Type 1,00:05:55,"(16.427807502497064, 48.23742284460008)","(16.360614869957722, 48.2632744541891)",1
00:00:00,439,Type 1,00:05:56,"(16.308067327166, 48.19977161869215)","(16.332035364000994, 48.2510911440107)",2
00:00:00,470,Type 3,00:05:56,"(16.37507775, 48.22102195)","(16.411711877309674, 48.255138513079736)",1
00:00:00,257,Type 3,00:05:58,"(16.339134716755876, 48.19325944851234)","(16.35593060672859, 48.21233619845629)",1
00:00:00,236,Type 3,00:05:58,"(16.34024576775175, 48.241170048341935)","(16.351544292878643, 48.20038833638176)",1
00:00:00,49,Type 2,00:05:58,"(16.34997162299478, 48.20801610132155)","(16.37300023959028, 48.20924581124105)",1
00:00:00,157,Type 3,00:05:59,"(16.388305660877226, 48.14351937904662)","(16.367809616748595, 48.200612450393066)",2
